-- phpMyAdmin SQL Dump
-- version 5.2.0
-- https://www.phpmyadmin.net/
--
-- Хост: 127.0.0.1:3306
-- Время создания: Фев 06 2026 г., 09:10
-- Версия сервера: 5.7.39-log
-- Версия PHP: 8.1.9

SET SQL_MODE = "NO_AUTO_VALUE_ON_ZERO";
START TRANSACTION;
SET time_zone = "+00:00";


/*!40101 SET @OLD_CHARACTER_SET_CLIENT=@@CHARACTER_SET_CLIENT */;
/*!40101 SET @OLD_CHARACTER_SET_RESULTS=@@CHARACTER_SET_RESULTS */;
/*!40101 SET @OLD_COLLATION_CONNECTION=@@COLLATION_CONNECTION */;
/*!40101 SET NAMES utf8mb4 */;

--
-- База данных: `turkish_restaurant`
--

-- --------------------------------------------------------

--
-- Структура таблицы `Dishes`
--

CREATE TABLE `Dishes` (
  `Id` int(11) NOT NULL,
  `Name` varchar(255) COLLATE utf8mb4_unicode_ci NOT NULL,
  `Сompound` varchar(255) COLLATE utf8mb4_unicode_ci NOT NULL,
  `Price` decimal(10,2) NOT NULL,
  `Img` varchar(255) COLLATE utf8mb4_unicode_ci NOT NULL
) ENGINE=InnoDB DEFAULT CHARSET=utf8mb4 COLLATE=utf8mb4_unicode_ci;

--
-- Дамп данных таблицы `Dishes`
--

INSERT INTO `Dishes` (`Id`, `Name`, `Сompound`, `Price`, `Img`) VALUES
(2, 'Люля-кебаб', 'Мясо,лук,лаваш', '199.99', 'dish_69847f63ae214.jpg'),
(4, 'Чорба', 'Чечевица 1 стакан, Бульон говяжий 2 стакана, Морковь 1 штука, Лук репчатый 1 штука, Тимьян сушеный', '159.98', 'dish_6984841fbc41f.jpg');

-- --------------------------------------------------------

--
-- Структура таблицы `Orders`
--

CREATE TABLE `Orders` (
  `Id` int(11) NOT NULL,
  `IdClient` int(11) NOT NULL,
  `IdWaiter` int(11) NOT NULL,
  `TotalSum` decimal(10,2) NOT NULL,
  `Status` enum('accepted','progress','ready') COLLATE utf8mb4_unicode_ci NOT NULL
) ENGINE=InnoDB DEFAULT CHARSET=utf8mb4 COLLATE=utf8mb4_unicode_ci;

--
-- Дамп данных таблицы `Orders`
--

INSERT INTO `Orders` (`Id`, `IdClient`, `IdWaiter`, `TotalSum`, `Status`) VALUES
(4, 7, 6, '559.96', 'accepted'),
(5, 7, 6, '359.97', 'accepted'),
(31, 7, 6, '679.93', 'progress');

-- --------------------------------------------------------

--
-- Структура таблицы `OrdersDishes`
--

CREATE TABLE `OrdersDishes` (
  `Id` int(11) NOT NULL,
  `IdOrder` int(11) NOT NULL,
  `IdDishes` int(11) NOT NULL,
  `Quantity` int(11) NOT NULL DEFAULT '1'
) ENGINE=InnoDB DEFAULT CHARSET=utf8mb4 COLLATE=utf8mb4_unicode_ci;

--
-- Дамп данных таблицы `OrdersDishes`
--

INSERT INTO `OrdersDishes` (`Id`, `IdOrder`, `IdDishes`, `Quantity`) VALUES
(9, 4, 2, 2),
(10, 4, 4, 1),
(11, 5, 2, 1),
(12, 5, 4, 1),
(63, 31, 2, 1),
(64, 31, 4, 3);

-- --------------------------------------------------------

--
-- Структура таблицы `Users`
--

CREATE TABLE `Users` (
  `Id` int(11) NOT NULL,
  `Surname` varchar(255) COLLATE utf8mb4_unicode_ci NOT NULL,
  `Name` varchar(255) COLLATE utf8mb4_unicode_ci NOT NULL,
  `Patronomyc` varchar(255) COLLATE utf8mb4_unicode_ci DEFAULT NULL,
  `Phone` varchar(255) COLLATE utf8mb4_unicode_ci NOT NULL,
  `Password` varchar(1000) COLLATE utf8mb4_unicode_ci NOT NULL,
  `Role` enum('client','waiter','admin') COLLATE utf8mb4_unicode_ci NOT NULL
) ENGINE=InnoDB DEFAULT CHARSET=utf8mb4 COLLATE=utf8mb4_unicode_ci;

--
-- Дамп данных таблицы `Users`
--

INSERT INTO `Users` (`Id`, `Surname`, `Name`, `Patronomyc`, `Phone`, `Password`, `Role`) VALUES
(4, 'Админов', 'Админ', 'Админович', '79222222225', '$2y$10$0oLQQC6VYG7mJGgJJuR4i.Fk8nu4exX0TAiGX1lmxg2Pgj7/HuPoa', 'admin'),
(6, 'Официантовна', 'Официантка', 'Официантовична', '79222222223', '$2y$10$yb.Um7scHBgEtJefQGegQOHKl5dOT.9vF3.g1AU.ALYqj90iJA/Mm', 'waiter'),
(7, 'Турицина', 'Елизавета', 'Сергеевна', '79222222222', '$2y$10$d641SFo827AZ.Yf/dC8tn.PCboJMvYP/D0wu08fafKxOR7xYfLpmq', 'client');

--
-- Индексы сохранённых таблиц
--

--
-- Индексы таблицы `Dishes`
--
ALTER TABLE `Dishes`
  ADD PRIMARY KEY (`Id`);

--
-- Индексы таблицы `Orders`
--
ALTER TABLE `Orders`
  ADD PRIMARY KEY (`Id`),
  ADD KEY `IdClient` (`IdClient`),
  ADD KEY `IdWaiter` (`IdWaiter`);

--
-- Индексы таблицы `OrdersDishes`
--
ALTER TABLE `OrdersDishes`
  ADD PRIMARY KEY (`Id`),
  ADD KEY `IdOrder` (`IdOrder`),
  ADD KEY `IdDishes` (`IdDishes`);

--
-- Индексы таблицы `Users`
--
ALTER TABLE `Users`
  ADD PRIMARY KEY (`Id`);

--
-- AUTO_INCREMENT для сохранённых таблиц
--

--
-- AUTO_INCREMENT для таблицы `Dishes`
--
ALTER TABLE `Dishes`
  MODIFY `Id` int(11) NOT NULL AUTO_INCREMENT, AUTO_INCREMENT=5;

--
-- AUTO_INCREMENT для таблицы `Orders`
--
ALTER TABLE `Orders`
  MODIFY `Id` int(11) NOT NULL AUTO_INCREMENT, AUTO_INCREMENT=32;

--
-- AUTO_INCREMENT для таблицы `OrdersDishes`
--
ALTER TABLE `OrdersDishes`
  MODIFY `Id` int(11) NOT NULL AUTO_INCREMENT, AUTO_INCREMENT=65;

--
-- AUTO_INCREMENT для таблицы `Users`
--
ALTER TABLE `Users`
  MODIFY `Id` int(11) NOT NULL AUTO_INCREMENT, AUTO_INCREMENT=8;

--
-- Ограничения внешнего ключа сохраненных таблиц
--

--
-- Ограничения внешнего ключа таблицы `Orders`
--
ALTER TABLE `Orders`
  ADD CONSTRAINT `orders_ibfk_1` FOREIGN KEY (`IdClient`) REFERENCES `Users` (`Id`) ON DELETE CASCADE ON UPDATE CASCADE,
  ADD CONSTRAINT `orders_ibfk_2` FOREIGN KEY (`IdWaiter`) REFERENCES `Users` (`Id`) ON DELETE CASCADE ON UPDATE CASCADE;

--
-- Ограничения внешнего ключа таблицы `OrdersDishes`
--
ALTER TABLE `OrdersDishes`
  ADD CONSTRAINT `ordersdishes_ibfk_1` FOREIGN KEY (`IdDishes`) REFERENCES `Dishes` (`Id`) ON DELETE CASCADE ON UPDATE CASCADE,
  ADD CONSTRAINT `ordersdishes_ibfk_2` FOREIGN KEY (`IdOrder`) REFERENCES `Orders` (`Id`) ON DELETE CASCADE ON UPDATE CASCADE;
COMMIT;

/*!40101 SET CHARACTER_SET_CLIENT=@OLD_CHARACTER_SET_CLIENT */;
/*!40101 SET CHARACTER_SET_RESULTS=@OLD_CHARACTER_SET_RESULTS */;
/*!40101 SET COLLATION_CONNECTION=@OLD_COLLATION_CONNECTION */;
